1;Gymnázium Poštová 9;Poštová 9;Košice;042 52;160997;160997;Gymnázium;GPost9KE;Poštová 9;Košice-Staré Mesto;4252;skola@gympos.sk;802
221;Stredná odborná škola Pruské;Pruské 294;Pruské;018 52;159298;159298;Stredná odborná škola;SPr294IL;Pruské 294;Pruské;1852;info@sospruske.sk;302
222;Stredná odborná škola ;Pruské 294;Pruské;018 52;159298;159298;Stredná odborná škola;SPr294IL;Pruské 294;Pruské;1852;info@sospruske.sk;302
19;Gymnázium Párovská 1;Párovská 1;Nitra;949 01;160253;160253;Gymnázium;GParo1NR;Párovská 1;Nitra;95050;school@gpnr.sk;403
49;Gymnázium Pierra de Coubertina;Námestie SNP 9;Piešany;921 01;160318;160318;Gymnázium P.Coubertina;GNamS9PN;Nám. SNP 9;Piešany;92126;gypy@gypy.sk;204
51;Gymnázium A. Bernoláka;Lichnerova 69;Senec;903 01;160326;160326;Gymnázium A. Bernoláka;GLic69SC;Lichnerova 69;Senec;90301;riaditel@gab.sk;108
194;Gymnázium V. Mihálika;Kostolná 8;Sereï;926 01;160351;160351;Gymnázium V.Mihálika;GKost8GA;Kostolná 119/8;Sereï;92601;gymsered@zupa-tt.sk;202
218;Gymnázium Vojtecha Mihálika Sereï;Kostolná 119;Sereï;926 01;160351;160351;Gymnázium V.Mihálika;GKost8GA;Kostolná 119/8;Sereï;92601;gymsered@zupa-tt.sk;202
160;Piaristické gymnázium Jozefa Braneckého;Palackého 4;Trenèín;911 01;160458;160458;Gymnázium ¼udovítaŠtúra;G1maj2TN;1. mája 170/2;Trenèín;91135;vedenie@glstn.sk;309
228;Gymnázium Jána Hollého;Na hlinách 7279/30;Trnava;91701;160466;160466;Gymnázium J.Hollého;GNah30TT;Na hlinách 7279/30;Trnava;91701;gyjhtt@zupa-tt.sk;207
328;Gymnázium Andreja Kmea;Kolpašská 1738/9;Banská Štiavnica;969 17;160539;160539;Gymnázium A.K.;GKolp9BS;Kolpašská 1738/9;Banská Štiavnica;96917;schranka@gymbs.sk;602
170;Gymnázium Jána Chalupku;Štúrova 890/13;Brezno;977 01;160547;160547;Gymnázium J.CH.;GStu13BR;Štúrova 13;Brezno;97718;skola@gymbrezno.edu.sk;603
173;Gymnázium M. M. Hodu;Hodova 9;Liptovskı Mikuláš;031 36;160679;160679;Gymnázium M. M. Hodu;GMMHo9LM;M. M. Hodu 860/9;Liptovskı Mikuláš;3136;school@gymlm.sk;505
135;Gymnázium B. S. Timravy;Halièská cesta 9;Luèenec;984 03;160687;160687;Gymnázium B.S.T.;GHali9LC;Halièská cesta 9;Luèenec;98403;skola@gbstlc.sk;606
140;Gymnázium Viliama Paulinyho-Tótha;Malá hora 3;Martin;036 01 ;160695;160695;Gymnázium V.Paulinyho T;GMala3MT;Malá hora 3;Martin;3601;office@gymmt.sk;506
117;Gymnázium Augusta Horislava Škultétyho;Školská 21;Ve¾kı Krtíš;990 01;160709;160709;Gymnázium A.H.Š.;GSko21VK;Školská 21;Ve¾kı Krtíš;99001;gymvk@svsbb.sk;610
151;Gymnázium Vavrinca Benedikta Nedoerského;Matice slovenskej 16;Prievidza;971 01;160750;;;;;;;;
331;Gymnázium Zvolen;Hronská 3;Zvolen;96001;160865;160865;Gymnázium ¼.Š.;GHron3ZV;Hronská 1467/3;Zvolen;96049;ivetta.vidova@gymzv.sk;611
308;Gymnázium Ve¾ká Okruná 22;Ve¾ká okruná;ilina;010 01;160890;160890;Gymnázium;GVel22ZA;Ve¾ká okruná 22;ilina;1001;gvoza@gvoza.sk;511
43;Gymnázium Leonarda Stöckela;Jiráskova 12;Bardejov;085 01;160911;160911;Gymnázium;GJir12BJ;Jiráskova 12;Bardejov;8501;sekretariat@gymls-bj.vucpo.sk;701
209;Gymnázium Giraltovce;Dukelská 30;Giraltovce;087 01;160946;160946;Gymnázium;GDuk30SK;Dukelská 30;Giraltovce;8720;sekretariat@gym-giraltovce.vucpo.sk;712
299;Gymnázium armádneho generála Ludvíka Svobodu;Komenského;Humenné;066 01 ;160954;;;;;;;;
148;Gymnázium Pavla Országha Hviezdoslava;Hviezdoslavova 20;Kemarok;060 14;160962;;;;;;;;
28;Gymnázium M.R. Štefánika Nám. L. Novomeského 4;Nám. L. Novomeského 4;Košice;040 01;160971;160971;Gymnázium M.R.Štefánika;GNamL4KE;Nám. L. Novomeského 4;Košice-Staré Mesto;4224;skola@gmrske.sk;802
229;Gymnázium Milana Rastislava Štefánika;Námestie L. Novomeského 4;Košice;042 24;160971;;;;;;;;
25;Gymnázium a základná škola S. Máraiho s vjm;Kuzmányho 6;Košice;040 01;161004;161004;Gymnázium a ZŠ s VJM;GKuzm6KE;Kuzmányho 6;Košice-Staré Mesto;4174;skola@maraigimi.sk;802
36;Gymnázium Lorencova 46;Lorencova 46;Krompachy;053 42;161021;161021;Gymnázium;GLor46SN;Lorencova 46;Krompachy;5342;gymkromp@gmail.com;810
186;Gymnázium Lipany;Komenského 13;Lipany;082 71;161047;161047;Gymnázium;GKom13SB;Komenského 13;Lipany;8271;skola@gymlipany.edu.sk;708
15;Gymnázium Kukuèínova 1;Kukuèínova 4239/1;Poprad;058 01;161098;161098;Gymnázium;GKuku1PP;Kukuèínova 4239/1;Poprad;5839;sekretariat@gym-pp.vucpo.sk;706
16;Gymnázium J. A. Raymana;Mudroòova 20;Prešov;080 01;161101;161101;Gymnázium J. A. Raymana;GMud20PO;Mudroòova 20;Prešov;8001;info@gjar-po.sk;707
67;Gymnázium Mudroòova 20;Mudroòova 20;Prešov;8001;161101;161101;Gymnázium J. A. Raymana;GMud20PO;Mudroòova 20;Prešov;8001;info@gjar-po.sk;707
147;Gymnázium Konštantínova 2;Konštantínova 2;Prešov;080 01;161110;161110;Gymnázium;GKons2PO;Konštantínova 2;Prešov;8001;sekretariat@gymk2-po.vucpo.sk;707
202;Gymnázium P. J. Šafárika;Akademika Hronca 1 ;Roòava;048 01;161144;161144;Gymnázium P. J.Šafárika;GAkad1RV;Akademika Hronca 1;Roòava;4801;skola@gymrv.sk;808
163;Gymnázium Školská 7;Školská 7;Spišská Nová Ves;052 01;161195;161195;Gymnázium;GSkol7SN;Školská 7;Spišská Nová Ves;5201;skola@gymsnv.sk;810
198;Gymnázium Terézie Vansovej;17. novembra 6;Stará ¼ubovòa;064 01;161217;161217;Gymnázium T. Vansovej;G17no6SL;17. novembra 6;Stará ¼ubovòa;6401;gymnsl@stonline.sk;710
323;Gymnázium Komenského 32, Trebišov;Komenského 32;Trebišov;7501;161241;161241;Gymnázium;GKom32TV;Komenského 32;Trebišov;7501;skola@gymtv.sk;811
171;Spojená škola;Medvedzie 133/1;Tvrdošín;027 44;161519;161519;Spojená škola;SSidl1TS;Sídl. Medvedzie I. 133/1;Tvrdošín;2744;sekretariat@sstv.sk;510
176;Spojená škola Tvrdošín;Medvedzie 133/1;Tvrdošín;027 44 ;161519;161519;Spojená škola;SSidl1TS;Sídl. Medvedzie I. 133/1;Tvrdošín;2744;sekretariat@sstv.sk;510
183;Stredná priemyselná škola Martin;Novomeského 5/24;Martin;036 36;161578;;;;;;;;
215;SPŠ Bardejov;Komenského 5;Bardejov;085 42;161705;161705;Str. priemyselná škola;SKome5BJ;Komenského 5;Bardejov;8501;sekretariat@sps-bj.vucpo.sk;701
320;Stredná Priemyselná škola Elektrotechnická, Košice;Komenského 44;Košice;040 01;161756;;;;;;;;
8;Stredná premyselná škola elektrotechnická Plzenská 1;Plzenská 1;Prešov;080 01;161829;;;;;;;;
211;Obchodná akadémia Kálmána Kittengergera 2;Kálmána Kittengergera 2;Levice;934 40;161934;;;;;;;;
318;Hotelová akadémia ¼udovíta Wintera;Stromová ;Piešany;92101;162019;162019;Hotelová akadémia;HStr34PN;Stromová 34;Piešany;92101;hotelakad@zupa-tt.sk;204
279;Gymnázium Opatovská cesta 7;Opatovská cesta 7;Košice;040 01;162159;162159;Gymnázium;GOpat7KE;Opatovská cesta 7;Košice-Vyšné Opátske;4001;riaditel@opatovska.sk;805
12;Gymnázium Tajovského 25;Tajovského 25;Banská Bystrica;97401;396869;;;;;;;;
18;Gymnázium Jozefa Gregora Tajovského;Tajovského 25;Banská Bystrica;974 01;396869;;;;;;;;
78;Gymnázium Trebišovská 12;Trebišovská 12;Košice;4011;398900;398900;Gymnázium;GTre12KE;Trebišovská 12;Košice-Západ;4011;skola@gt12.sk;803
125;Stredná priemyselná škola stavebná Dušana Samuela Jurkovièa;Lomonosovova 7;Trnava;917 08;399817;;;;;;;;
153;Technická akadémia Hviezdoslavova 6;Hviezdoslavova 6;Spišská Nová Ves;052 01;521663;521663;Technická akadémia;THvie6SN;Hviezdoslavova 6;Spišská Nová Ves;5201;skola@tasnv.sk;810
31;Gymnázium Angely Merici;Hviezdoslavova 10;Trnava;917 01;588032;588032;Gymnázium Angely Merici;GHvi10TT;Hviezdoslavova 10;Trnava;91701;sekretariat@gamtt.sk;207
5;Gymnázium Alejová 1;Alejová 1;Košice;041 49;598071;598071;Gymnázium;GAlej1KE;Alejová 1;Košice-Juh;4149;gymnazium.alejova@galeje.sk;805
4;Gymnázium Bilíkova 24;Bilíkova 24;Bratislava;844 19;605751;605751;Gymnázium;GBil24BA;Bilíkova 24;Bratislava-Dúbravka;84419;gymbil@gymbilba.sk;104
130;Gymnázium Alberta Einsteina;Einsteinova 35;Bratislava;852 03;605760;605760;Gymnázium A. Einsteina;GEin35BA;Einsteinova 35;Bratislava-Petralka;85203;gymnazium@einsteinova.sk;105
319;Gymnázium Ladislava Novomeského;Tomášikova 2;Bratislava;;605786;605786;Gymnázium L.Novomeského;GToma2BA;Tomášikova 2;Bratislava-Ruinov;82729;norbert.kyndl@gln.sk;102
127;Základná škola sv. Vincenta;Nám. A. Hlinku 22;Ruomberok;034 01;614564;;;;;;;;
155;Bilingválne gymnázium Milana Hodu;Komenského 215;Suèany;038 52;627844;627844;Bilingválne gymnázium;BKo215MT;Komenského 215;Suèany;3852;gbas@gbas.sk;506
77;Základná škola ul. S. Tomášika 1;ul. S. Tomášika 1;Martin;036 01;652687;652687;KZŠ s MŠ A. Bernoláka;KUlST1MT;Ul. S. Tomášika 1;Martin;3601;skola@bernolaka.sk;506
64;Základná škola Námestie Š. Moyzesa 23;Námestie Š. Moyzesa 23;Banská Bystrica;974 01;652709;;;;;;;;
340;Stredná odborná škola polytechnická, Jelšavská 404, Dolnı Kubín-Kòaia;Jelšavská 404, 026 01 Dolnı Kubín;Kòaia ;026 01;891479;;;;;;;;
327;Stredná odborná škola technická - Mûszaki Szakközépiskola;Bratislavská cesta 10 ;Komárno;945 01 ;891592;891592;Stredná odborná škola;SBra10KN;Bratislavská cesta 10;Komárno;94525;soskn@soskn.sk;401
333;Súkromné bilingválne gymnázium Galanta;Hodská 10 ;Galanta;92401;17050146;17050146;Gymnázium J. Matúšku;GStv34GA;Štvr SNP 1004/34;Galanta;92401;gymslovga@zupa-tt.sk;202
149;Gymnázium Senecká 2;Senecká 2;Pezinok;902 01;17050201;17050201;Gymnázium;GSene2PK;Senecká 2;Pezinok;90201;riaditel@gymsenpk.edu.sk;107
54;Základná škola apoštola Pavla;Ul. J. Janošku 11;Liptovskı Mikuláš; 031 01;17060079;;;;;;;;
225;Základná škola s materskou školou Tajovského 17, Poprad;Tajovského 2764/17 ;Poprad;058 01;17068215;;;;;;;;
246;ZŠ Komenského 2, Svit;Komenského 2;Svit;059 21;17068975;17068975;Základná škola;ZKome2PP;Komenského 2;Svit;5921;zssvit@zssvit.eu;706
161;Gymnázium sv. Tomáša Akvinského;Zbrojnièná 3;Košice;040 01;17078334;;;;;;;;
223;Základná škola sv. Cyrila a Metoda;Bernolákova 18;Košice;4001;17079756;17079756;ZŠ sv. Cyrila a Metoda;ZBer18KE;Bernolákova 18;Košice-Západ;4011;zscamke@gmail.com;803
305;Základná škola Jána Švermu;J. Švermu ;Michalovce;7101;17080711;;;;;;;;
60;Základná škola Komenského 1;Komenského 1;Michalovce;071 01;17080738;;;;;;;;
254;Základná škola, Okruná 17, Michalovce;Okruná 17;Michalovce;071 01;17080754;17080754;Základná škola;ZOkr17MI;Okruná 17;Michalovce;7101;zsokruzna17@zsokruzna.sk;807
121;Gymnázium ¼udovíta Štúra 26;¼udovíta Štúra 26;Michalovce;071 01;17151341;;;;;;;;
14;Gymnázium Javorová 16;Javorová 16;Spišská Nová Ves;052 01;17151589;17151589;Gymnázium;GJav16SN;Javorová 16;Spišská Nová Ves;5201;skola@gjavsnv.edu.sk;810
128;Základná škola povıšenia svätého kría;Smreková 38;Smiany;053 11;17151961;17151961;ZŠ Povıšenia sv. Kría;ZSmr38SN;Smreková 38;Smiany;5311;zspsksmi@zspsksmi.sk;810
220;Gymnázium Matky Alexie;Jesenského 4/A;Bratislava;811 02 ;17318840;17318840;Gymnázium Matky Alexie;GJese4BA;Jesenského 4/A;Bratislava-Staré Mesto;81102;gymnazium.alexia@gmail.com;101
238;Gymnázium Frederika Garcíu Lorcu;Hronská 3;Bratislava;821 07;17337097;17337097;Gymnázium F. G. Lorcu;GHron3BA;Hronská 3;Bratislava-Podunajské Bis;82107;gymhron@gymhron.edu.sk;102
97;Gymnázium Grösslingová 18;Grösslingová 18;Bratislava;811 09;17337101;17337101;Gymnázium;GamcaBA;Grösslingová 18;Bratislava-Staré Mesto;81109;tajomnicka@gamca.sk;101
188;Zakladná škola s materskou školou Angely Merici;Halenárska 45;Trnava;917 01;17643902;17643902;ZŠ s MŠ Angely Merici;ZHal45TT;Halenárska 45;Trnava;91701;zsmsangelymerici@gmail.com;207
146;Gymnázium sv. Františka;Hurbanova 44;ilina;010 01;30222052;30222052;Gymnázium sv. Františka;GJMH44ZA;J. M. Hurbana 44;ilina;1001;gsfzilina@gsf.sk;511
278;Základná škola sv. Albety;Školská 15;Nová Baòa;968 01;30232481;30232481;Základná škola sv. Al.;ZSko15ZC;Školská 15;Nová Baòa;96801;riaditelczsnb@gmail.com;612
338;CZŠ Narnia;Beòadická 3040/38;Bratislava;85106;30809193;30809193;Cirkevná ZŠ Narnia;CBen38BA;Beòadická 38;Bratislava-Petralka;85106;tajomnik@narnia.sk;105
280;Súkromne bilingválne gymnázium Èeská 10;Èeská 10, Nové Mesto;Bratislava;83103;30858321;;;;;;;;
189;Základná škola Kubranská 80;Kubranská 80;Trenèín;91101;31201431;31201431;Základná škola;ZKub80TN;Kubranská 80;Trenèín;91101;zskubranska80@gmail.com;309
227;Základná škola Kubranská 80, Trenèín;;;911 01;31201431;;;;;;;;
37;Základná škola Slovenskıch partizánov;Partizánska 53;Povaská Bystrica;017 01;31202349;;;;;;;;
126;Základná škola Stanièná 13;Stanièná 13;Košice;040 01;31263089;31263089;Základná škola;ZSta13KE;Stanièná 13;Košice-Juh;4001;zsstanicnake@zsstanicnake.sk;805
101;Základná škola Poiarnická 3;Poiarnická 3;Košice;040 01;31263097;31263097;Základná škola;ZPozi3KE;Poiarnická 3;Košice-Juh;4001;zs.poziarnicka@gmail.com;805
217;Základná škola Gemerská;Gemerská 2;Košice;040 01;31263119;31263119;Základná škola;ZGeme2KE;Gemerská 2;Košice-Juh;4001;zsgemerska@gmail.com;805
112;Základná škola Druicová 4;Druicová 4;Košice;040 12;31263127;31263127;Základná škola;ZDruz4KE;Druicová 4;Košice-Nad jazerom;4012;zsdruzicova4@szdruzicova4.sk;805
22;Evanjelické gymnázium J.A. Komenského ;Škultétyho 10;Košice;040 01;31305288;31305288;Evanjelické gymnázium;ESku10KE;Škultétyho 10;Košice-Staré Mesto;4001;egjak@egjak.com;802
258;Zš Podzáhradná 51;Podzáhradná;Bratislava;821 06;31745041;31745041;Základná škola;ZPod51BA;Podzáhradná 51;Bratislava-Podunajské Bis;82107;heldova@zspodzaba.sk;102
45;Základná škola kpt. J. Nálepku;Školská 2;Stupava;900 31;31773711;31773711;Základná škola;ZSkol2MA;Školská 2;Stupava;90031;skola.sekretariat@gmail.com;106
257;Základná škola Borodáèova 2, Bratislava;Borodáèova 2;Bratislava;821 03;31780784;31780784;Základná škola;ZBoro2BA;Borodáèova 2;Bratislava-Ruinov;82103;skola@borodacova.sk;102
314;Základná škola Kulíškova;Kulíškova 8;Bratislava;82108;31780792;31780792;Základná škola;ZKuli8BA;Kulíškova 8;Bratislava-Ruinov;82108;skola@zskuliskova.sk;102
296;ZŠ s MŠ Vıvojová 228, Bratislava-Rusovce;Vıvojová 228;Bratislava;851 10;31781845;31781845;Základná škola s MŠ;ZVy228BA;Vıvojová 228;Bratislava-Rusovce;85110;zsrusovce@zsrusovce.sk;105
270;Základná škola Pankúchova 4;Pankúchova 4;Bratislava;851 04;31781853;31781853;Základná škola;ZPank4BA;Pankúchova 4;Bratislava-Petralka;85104;zs.pankuch@gmail.com;105
265;Základná škola s materskou školou Cádrova;Cádrova 23;Bratislava;83101;31785212;31785212;Základná škola s MŠ;ZCad23BA;Cádrova 23;Bratislava-Nové Mesto;83101;vedenie@zscadrova.sk;103
300;ZŠ s MŠ Cádrova;Cádrova 23;Bratislava;83101;31785212;31785212;Základná škola s MŠ;ZCad23BA;Cádrova 23;Bratislava-Nové Mesto;83101;vedenie@zscadrova.sk;103
93;Základna škola s materskou školu Jána Ámosa Komenskeho;Hubeného 25;Bratislava;831 53;31810497;31810497;Základná škola s MŠ;ZHub25BA;Hubeného 25;Bratislava-Raèa;83153;kizivatova@zskomenskehoba.sk;103
75;Základná škola Dr. J. Dérera;Ul. gen. M. R. Štefánika 7;Malacky;901 01;31811493;;;;;;;;
216;Základná škola Dr. J. Dérera ;Ul. gen. M. R. Štefánika 7;Malacky;901 01;31811493;;;;;;;;
261;ZŠ Báhoò;Ul. 1. mája 3;Báhoò;90084;31816908;31816908;Základná škola s MŠ;ZUl1m3PK;Ul. 1. mája 3;Báhoò;90084;info@zsbahon.edu.sk;107
184;Základná škola Jána Hollého;Hollého 48;Ša¾a;927 05;31872026;31872026;Základná škola;ZHol48SA;Hollého 1950/48;Ša¾a;92705;director@zshollehosala.sk;405
341;Obchodná akadémia Pezinok;Myslenická 1;;;31874452;;;;;;;;
136;Gymnázium Varšavská cesta 1;Varšavská cesta 1;ilina;010 08;31914551;31914551;Gymnázium;GVars1ZA;Varšavská cesta 1;ilina;1008;gymnazium@gvarza.edu.sk;511
179;Základná škola s materskou školou M. R. Štefánika;Budimír 11;Budimír;044 43;31953271;31953271;Základná škola s MŠ;ZBud11KS;Budimír 11;Budimír;4443;riaditel.zsbudimir@gmail.com;806
11;Gymnázium sv. Moniky;Tarasa Ševèenka 1;Prešov;080 01;31991653;31991653;Gymnázium sv. Moniky;GTara1PO;Tarasa Ševèenka 1;Prešov;8001;gymonika@gymonika.sk;707
348;Cirkevná základná škola sv. Cyrila a Metoda;Komenského;Sereï;926 01;34003304;34003304;CZŠ sv. Cyrila a Metoda;CKom41GA;Komenského 3064/41;Sereï;92601;riaditel@czssered.edu.sk;202
111;Gymnázium Park mládee 5;Park mládee 5;Košice;040 01;35531754;35531754;Gymnázium;GPark5KE;Park mládee 5;Košice-Sever;4001;skola@gpm.sk;802
275;Gymnázium Park Mládee;Park Mládee 5;Košice;4001;35531754;35531754;Gymnázium;GPark5KE;Park mládee 5;Košice-Sever;4001;skola@gpm.sk;802
264;Základná škola Komenského 6, Stará ¼ubovòa;Komenského 6;Stará ¼ubovòa;6401;35534681;35534681;Základná škola;ZKome6SL;Komenského 6;Stará ¼ubovòa;6401;riaditelzskom@gmail.com;710
39;Základná škola Bruselská 18;Bruselská 18;Košice;4013;35540460;35540460;Základná škola;ZBru18KE;Bruselská 18;Košice-Sídlisko ahanovce;4013;zs.bruselska@stonline.sk;802
40;ZŠ Park Angelinum 8;Park Angelinum 8;Košice;4001;35540478;35540478;Základná škola;ZPark8KE;Park Angelinum 8;Košice-Staré Mesto;4001;zspa@zspa.sk;802
83;Základná škola Park Angelinum 8;Park Angelinum 8;Košice;4001;35540478;35540478;Základná škola;ZPark8KE;Park Angelinum 8;Košice-Staré Mesto;4001;zspa@zspa.sk;802
66;Základná škola Polianska 1;Polianska 1;Košice;4001;35540486;35540486;Základná škola;ZPoli1KE;Polianska 1;Košice-Sever;4001;zspolianska@gmail.com;802
106;Základná škola Belehradská 21;Belehradská 21;Košice;040 13;35540559;35540559;Základná škola;ZBel21KE;Belehradská 21;Košice-Sídlisko ahanovce;4013;zsbelehradska@centrum.sk;802
90;Základná škola Tomášikova 31 ;Tomášikova 31;Košice;040 01;35540613;35540613;Základná škola;ZTom31KE;Tomášikova 31;Košice-Sever;4001;zstomke31@gmail.com;802
108;Základná škola Tomášikova 31;Tomášikova 31;Košice;4001;35540613;35540613;Základná škola;ZTom31KE;Tomášikova 31;Košice-Sever;4001;zstomke31@gmail.com;802
109;Základná škola Laca Novomeského ;Námestie Laca Novomeského 2;Košice;4001;35540648;;;;;;;;
52;Základná škola Školská 2;Školská 2;Streda nad Bodrogom;076 31;35541164;35541164;Základná škola;ZSkol2TV;Školská 2;Streda nad Bodrogom;7631;admin@zsstreda.edu.sk;811
145;Základná škola Obchodná 5;Obchodná 5;Seèovce;078 01;35541202;35541202;Základná škola;ZObch5TV;Obchodná 5;Seèovce;7801;skola@zsobchodsec.edu.sk;811
253;Základná škola Obchodná ;Obchodná 5;Seèovce;7801;35541202;35541202;Základná škola;ZObch5TV;Obchodná 5;Seèovce;7801;skola@zsobchodsec.edu.sk;811
337;Základná škola Micha¾any;Školská 339/2;Michalany pri Trebisove;076 14;35541253;35541253;Základná škola;ZSkol2TV;Školská 339/2;Micha¾any;7614;riaditel@zsskolmich.edu.sk;811
346;Základná škola Smiany, Komenského 3;Komenského 3;Smiany;053 11;35541385;35541385;Základná škola;ZKome3SN;Komenského 3;Smiany;5311;info@zssmizany.sk;810
152;Základná škola Lechkého;Ulica Jána Pavla II. 1;Košice;040 23;35542616;;;;;;;;
59;Základná škola Kemarská 30;Kemarská 30;Košice;4011;35542624;35542624;Základná škola;ZKez30KE;Kemarská 30;Košice-Západ;4011;zs@k30.sk;803
224;Základná škola Kemarská 28, Košice;Kemarská 28;Košice;040 11;35542713;35542713;Základná škola;ZKez28KE;Kemarská 28;Košice-Západ;4011;skola@zskezmarska28.sk;803
42;ZŠ Bernolákova 16;Bernolákova 16;Košice;040 11;35543019;35543019;Základná škola;ZBer16KE;Bernolákova 16;Košice-Západ;4011;zsberke@centrum.sk;803
80;Základná škola Bernolákova 16;Bernolákova 16;Košice;4011;35543019;35543019;Základná škola;ZBer16KE;Bernolákova 16;Košice-Západ;4011;zsberke@centrum.sk;803
347;Základná škoola Bernoláková 16;Bernoláková 16;Košice;4011;35543019;35543019;Základná škola;ZBer16KE;Bernolákova 16;Košice-Západ;4011;zsberke@centrum.sk;803
302;Základná škola Zlatá 2;Zlatá 2;Roòava;4801;35543639;35543639;Základná škola;ZZlat2RV;Zlatá 2;Roòava;4801;zszlata2@gmail.com;808
181;Základná škola akademika J. Hronca;Zakarpatská 12;Roòava;048 01;35543663;35543663;Základná škola;ZZak12RV;Zakarpatská 12;Roòava;4801;skola@zszakarpatskav.edu.sk;808
105;Základná škola s materskou školou Školská 3;Školská 3;Pavlovce nad Uhom;072 14;35543825;35543825;Základná škola s MŠ;ZSkol3MI;Školská 3;Pavlovce nad Uhom;7214;zspavlovceuh@zspavlovceuh.sk;807
95;Základná škola Komenského 6 Spišské Vlachy;Komenského 6;Spišské Vlachy;053 61;35543931;;;;;;;;
295;Základná škola s VJM Buzica;Buzica 327;Buzica;044 73;35544015;35544015;Základná škola s VJM;ZBu327KS;Buzica 327;Buzica;4473;zsbuzica1@gmail.com;806
44;Základná škola daòa;Jarmoèná 96;daòa;044 11;35544279;35544279;Základná škola;ZJar96KS;Jarmoèná 96;daòa;4411;zszdana@centrum.sk;806
142;Základná škola Ve¾ká Ida;Parková 1;Ve¾ká Ida;044 55;35544422;35544422;Základná škola;ZVelk1KS;Ve¾ká Ida 1;Ve¾ká Ida;4455;zsvelkaida@zsvelkaida.sk;806
187;Základná škola Komenského 6 Sobrance;Komenského 6;Sobrance;7301;35545623;35545623;Základná škola;ZKome6SO;Komenského 6;Sobrance;7301;1zs@zskom6so.edu.sk;809
162;Základná škola Komenského 12 Sobrance;Komenského 12;Sobrance;073 01;35545631;35545631;Základná škola;ZKom12SO;Komenského 12;Sobrance;7301;zssobrance.komenskeho12@post.sk;809
114;Základná škola Levoèská 11;Levoèská 11;Spišská Nová Ves;052 01;35546051;35546051;Základná škola;ZLev11SN;Levoèská 11;Spišská Nová Ves;5201;levocska11@gmail.com;810
196;Základná škola Ing. O. Koucha ;Ing. O. Koucha 11;Spišská Nová Ves;052 01;35546077;35546077;Základná škola;ZIng11SN;Ing. O. Koucha 11;Spišská Nová Ves;5201;sekretariat.zskozuchasnv@gmail.com;810
113;Zakladná škola Trebišovská 10;Trebišovská 10;Košice;040 11;35546123;35546123;Základná škola;ZTre10KE;Trebišovská 10;Košice-Západ;4011;zstrebke@gmail.com;803
71;Základná škola Školská 20;Školská 20;Margecany;055 01;35546328;35546328;Základná škola s MŠ;ZSko20GL;Školská 20;Margecany;5501;zssmsmargecany@gmail.com;801
110;Základná škola Fábryho 44;Fábryho;Košice;4022;35546859;35546859;Základná škola;ZFab44KE;Fábryho 44;Košice-Dargovskıch hrdino;4022;fabryho@zsfabke.sk;804
329;Základná škola Krosnianská 2, Košice;Krosnianská 2;Košice;040 22;35546867;35546867;Základná škola;ZKros2KE;Krosnianska 2;Košice-Dargovskıch hrdino;4022;riaditel@zskrosnianke.edu.sk;804
32;Základná škola Krosnianska 4;Krosnianska 4;Košice;040 01;35546875;35546875;Základná škola;ZKros4KE;Krosnianska 4;Košice-Dargovskıch hrdino;4022;zs.k4ke@gmail.com;804
154;Základná škola, Krosnianska 4;Krosnianska 4;Košice;040 22;35546875;35546875;Základná škola;ZKros4KE;Krosnianska 4;Košice-Dargovskıch hrdino;4022;zs.k4ke@gmail.com;804
70;Spojená základná škola Slobody 1;Slobody 1;Košice;4011;35554304;35554304;Súkromná základná škola;SSlob1KE;Slobody 1;Košice-Západ;4011;skola@szsslobodyke.sk;803
219;Súkromná základná škola Slobody 1;Slobody;Košice;040 01;35554304;35554304;Súkromná základná škola;SSlob1KE;Slobody 1;Košice-Západ;4011;skola@szsslobodyke.sk;803
30;Gymnázium sv. Edity Steinovej ;Charkovská 1;Košice;040 22;35560321;;;;;;;;
57;Súkromná základná škola Dneperská 1;Dneperská 1;Košice;4012;35560347;35560347;Súkromná základná škola;SDnep1KE;Dneperská 1;Košice-Nad jazerom;4012;szsdneperska@gmail.com;805
35;Súkromné gmnázium Katkin Park 2;Katkin park 2;Košice;040 11;35562986;;;;;;;;
165;Súkromné gymnázium Katkin park 2;Katkin park 2;Košice;4011;35562986;35562986;Súkromné gymnázium;SKatk2KE;Katkin park 2;Košice-Západ;4011;sekretariat@sgcr.sk;803
190;Cirkevné gymnázium Štefana Mišíka; Radnièné námestie 271/8;Spišská Nová Ves;052 01;35565136;35565136;Cirkevne gymnázium;CRadn8SN;Radnièné námestie 271/8;Spišská Nová Ves;5201;gym.misika@gmail.com;810
266;Súkromná základná škola, Lermontovova, Košice ;Lermontovova 1;Košice;040 01;35568003;35568003;Súkromná základná škola;SLerm1KE;Lermontovova 1;Košice-Staré Mesto;4001;sukromna.skola@centrum.sk;802
164;Spojená škola Kollárova 17;Kollárova 17;Seèovce;078 01;35568356;35568356;Spojená škola;SKol17TV;Kollárova 17;Seèovce;7801;sekretariat@gdusecovce.sk;811
247;Základná Škola Ïumbierska 17;Ïumbierska 17;Banská Bystrica;;35677686;35677686;Základná škola;ZDum17BB;Ïumbierska 17;Banská Bystrica;97411;skola@zsdumbb.edu.sk;601
102;Základná škola Trieda SNP 20;Trieda SNP 20;Banská Bystrica;974 01;35677767;35677767;Základná škola;ZTri20BB;Trieda SNP 20;Banská Bystrica;97447;zs.snp20@stonline.sk;601
233;Základná škola Trieda SNP 20 Banská Bystrica;Trieda SNP 20;Banská Bystrica;974 01;35677767;35677767;Základná škola;ZTri20BB;Trieda SNP 20;Banská Bystrica;97447;zs.snp20@stonline.sk;601
345;Základná škola s materskou školou Brusno;Školská 622;Brusno;976 62;35677805;35677805;Základná škola s MŠ;ZBr622BB;Brusno 622;Brusno;97662;zsbrusno@gmail.com;601
48;Základná škola s materskou školou, Tajovského 2, Badín;Tajovského 2;Badín;976 32;35677813;35677813;Základná škola s MŠ;ZTajo2BB;Tajovského 2;Badín;97632;zsbadin@zsbadin.edu.sk;601
76;Základná škola s materskou školou Tajovského 2;Tajovského 2;Badín;976 32;35677813;35677813;Základná škola s MŠ;ZTajo2BB;Tajovského 2;Badín;97632;zsbadin@zsbadin.edu.sk;601
230;Základná škola s materskou školou Kalinovo;;;;35991372;;;;;;;;
131;Základná škola M. R. Štefánika;Halièská cesta 1191/8;Luèenec;984 03;35991593;35991593;Základná škola M.R.Š.;ZHali8LC;Halièská cesta 1191/8;Luèenec;98403;zsstefanikalc@gmail.com;606
263;ZŠ M. R. Štefánika ;Halièská cesta 1191/8;Luèenec;984 03;35991593;35991593;Základná škola M.R.Š.;ZHali8LC;Halièská cesta 1191/8;Luèenec;98403;zsstefanikalc@gmail.com;606
269;Základná škola, Slovanská 1415/7, Povaská Bystrica;Slovanská;Povaská Bystrica;1707;35995955;35995955;Základná škola;ZSlov7PB;Slovanská 1415/7;Povaská Bystrica;1707;7zs@stonline.sk;306
267;Základná škola Albína Brunovského;Obchodná 7;Zohor;90051;36063959;36063959;Základná škola;ZObch7MA;Obchodná 7;Zohor;90051;stefanovicoval@gmail.com;106
47;Základná škola Sokolíkova 2 ;Sokolíkova 2;Bratislava;841 01;36071021;36071021;Základná škola;ZSoko2BA;Sokolíkova 2;Bratislava-Dúbravka;84101;tajomnicka@zssokolikova.sk;104
84;Základná škola Sokolíkova 2;Sokolíkova 2;Bratislava;841 01;36071021;36071021;Základná škola;ZSoko2BA;Sokolíkova 2;Bratislava-Dúbravka;84101;tajomnicka@zssokolikova.sk;104
214;Základná škola Mlynská 50;Mlynská 50;Senec;903 01;36071161;36071161;Základná škola;ZMly50SC;Mlynská 50;Senec;90301;riaditel.zsm50@gmail.com;108
119;Základná škola Jozefa Gregora Tajovského;J.G. Tajovského 1;Senec;903 01;36071200;;;;;;;;
174;Základná škola s materskou školou Andreja Kubinu 34;Andreja Kubinu 34;Trnava;917 01;36080543;36080543;Základná škola s MŠ;ZAnd34TT;Andreja Kubinu 34;Trnava;91701;zskubinu@pobox.sk;207
100;Základná škola Radovana Kaufmana;Nádraná 31;Partizánske;958 01;36125661;;;;;;;;
201;Základná škola s materskou školou R. Heèku;Dolná Súèa 252;Dolná Súèa;913 32;36125873;36125873;ZŠ s MŠ Rudolfa Heèku;ZDo252TN;Dolná Súèa 252;Dolná Súèa;91332;zskladnw@zsdolsuca.edu.sk;309
157;Základná škola s materskou školou Dolné Vestenice;¼udovíta Štúra 71/1;Dolné Vestenice;972 23;36126691;36126691;Základná škola s MŠ;ZLStu1PD;¼. Štúra 71/1;Dolné Vestenice;97223;zsvestenice@gmail.com;307
50;Cirkevná základná škola sv. Gorazda Komenského 31;Komenského 495/31;Námestovo;029 01;36147150;;;;;;;;
287;Základná škola s materskou školou Peèovská Nová Ves;Školská 459/12;Peèovská Nová Ves;8256;36158097;36158097;Základná škola s MŠ;ZSko12SB;Školská 459/12;Peèovská Nová Ves;8256;zssmspecovska@gmail.com;708
251;Základná škola v Kraèúnovciach;Kraèúnovce 277;Kraèúnovce;8701;36158321;36158321;Základná škola;ZKr277SK;Kraèúnovce 277;Kraèúnovce;8701;zskracunovce@centrum.sk;712
180;Základná škola Grundschule;Hradné námestie 38;Kemarok;060 01;36158976;36158976;Základná škola;ZHra38KK;Hradné námestie 38;Kemarok;6011;skola@zshradnekk.edu.sk;703
73;Základná škola Šmeralova 25;Šmeralova 25;Prešov;080 01;36159034;36159034;Základná škola;ZSme25PO;Šmeralova 25;Prešov;8001;spravca@zssmeralpo.edu.sk;707
292;Základná škola Šmeralova 25 Prešov;Šmeralova;Prešov;8001;36159034;36159034;Základná škola;ZSme25PO;Šmeralova 25;Prešov;8001;spravca@zssmeralpo.edu.sk;707
182;Základná škola Èeskoslovenskej armády 22;Èeskoslovenskej armády 22;Prešov;080 01;36159042;36159042;Základná škola;ZCes22PO;Èeskoslovenskej armády 22;Prešov;8001;zscslarmady@gmail.com;707
235;Základná škola Kúpe¾ná;Kúpe¾ná;Prešov;080 01;36165620;36165620;Základná škola;ZKupe2PO;Kúpe¾ná 2;Prešov;8001;skola@zskuppo.sk;707
321;Základná škola Májové námestie 1, Prešov;Májové námestie 1;Prešov;8001;36165638;36165638;Základná škola;ZMajo1PO;Májové námestie 1;Prešov;8001;majovka@zsmajovenampo.edu.sk;707
324;Základná škola;Májové námestie 1;Prešov;8001;36165638;36165638;Základná škola;ZMajo1PO;Májové námestie 1;Prešov;8001;majovka@zsmajovenampo.edu.sk;707
195;Základná škola Gašpara Haina;Gašpara Haina 37;Levoèa;054 01;37785834;37785834;Základná škola;ZGas37LE;Gašpara Haina 37;Levoèa;5401;zsghle@zsghle.sk;704
166;Základná škola Bytèa;Mieru 1235;Bytèa;014 01;37798383;;;;;;;;
169;Základná škola s materskou školou Komenského 32;Komenského 279/32;Dolnı Kubín;026 01;37808761;37808761;Základná škola s MŠ;ZKom32DK;Komenského 279/32;Dolnı Kubín;2601;sekretariat@zskomdk.sk;503
61;Základná škola Komenského 33;Komenského 33;Námestovo;029 01;37810294;37810294;Základná škola;ZKom33NO;Komenského 495/33;Námestovo;2901;zskomnam@zskomnam.edu.sk;507
325;Základná škola s materskou školou M. Hamuljaka Oravská Jasenica;;Oravská Jasenica;2964;37810308;37810308;Základná škola s MŠ;ZOr141NO;Oravská Jasenica 141;Oravská Jasenica;2964;prielomkova@centrum.sk;507
326;Základná škola s materskou školou M. Hamuljaka ;Oravská Jasenica;Oravská Jasenica;2964;37810308;37810308;Základná škola s MŠ;ZOr141NO;Oravská Jasenica 141;Oravská Jasenica;2964;prielomkova@centrum.sk;507
312;Základná škola s materskou školou Oravské Veselé;;Oravské Veselé 377;2962;37810341;37810341;Základná škola s MŠ;ZOr377NO;Oravské Veselé 377;Oravské Veselé;2962;skola@zsmsorvesele.edu.sk;507
286;Základná škola Bystrická cesta 14 ;Bystrická cesta 14;Ruomberok;3401;37810839;37810839;Základná škola;ZBys14RK;Bystrická cesta 14;Ruomberok;3401;zsbystricka@gmail.com;508
282;Základná škola Gaštanová 56;Gaštanová 56;ilina;010 01;37810898;37810898;Základná škola s MŠ;ZGas56ZA;Gaštanová 56;ilina;1007;zsgastanovaza@gmail.com;511
252;Základná škola s Materskou školou Rabèice;Rabèice 194;Rabèice;2945;37812076;37812076;Základná škola s MŠ;ZRa194NO;Rabèice 194;Rabèice;2945;zsrabcice@zsrabcice.edu.sk;507
231;CZŠ R. Zaymusa;R.Zaymusa 3;ilina;1001;37813056;;;;;;;;
116;Základná škola s materskou školou Hôrky;Hôrky 200;Hôrky;010 04;37814508;37814508;Základná škola s MŠ;ZHo200ZA;Hôrky 200;Hôrky;1004;riaditel.zshorky@gmail.com;511
199;Základná škola P. Jilemnického;P. Jilemnického 2;Zvolen;960 01;37831208;;;;;;;;
167;Základná škola s materskou školou Kokava nad Rimavicou;Štúrova 70;Kokava nad Rimavicou;985 05;37831542;37831542;Základná škola s MŠ;ZStu70PT;Štúrova 70;Kokava nad Rimavicou;98505;zssmskokava@gmail.com;607
288;Základná škola Š.M.Daxnera;Dr.V.Clementisa 13;Rimavská Sobota;97901;37831721;37831721;Základná škola;ZDrV13RS;Dr. V. Clementisa 13;Rimavská Sobota;97901;skola@zsclemrs.edu.sk;609
172;Základná škola F. Krá¾a;Fraòa Krá¾a 838;arnovica;966 81;37831852;37831852;Základná škola;ZFr838ZC;Fraòa Krá¾a 838;arnovica;96681;skola@zskralazc.edu.sk;612
213;Základná škola arnovica;Fr. Krá¾a 838;arnovica;966 81;37831852;;;;;;;;
226;Základná škola J.A.Komenského, Revúca;Komenského;Revúca;5001;37833847;37833847;Základná škola J.A.K;ZKome7RA;Komenského 7;Revúca;5001;zskomre@zskomre.edu.sk;608
276;Základná škola Ivana Branislava Zocha, Revúca;Jilemnického;Revúca;5001;37833855;37833855;Základná škola I.B.Z.;ZJile3RA;Jilemnického 3;Revúca;5001;skola@zsibzochare.edu.sk;608
277;ZŠ Vajanského 2844/47, Luèenec;Vajanského 2844/47;Luèenec;984 01;37833995;;;;;;;;
46;Základná škola Brodské;Školská 281;Brodské;908 85;37838512;37838512;Základná škola;ZSk281SI;Školská 281;Brodské;90885;zsbrodske@gmail.com;206
86;Základná škola Tribeèská 22;Tribeèská 22;Topo¾èany;955 01;37860721;37860721;Základná škola;ZTri22TO;Tribeèská 1653/22;Topo¾èany;95501;zstribecskatopolcany@gmail.com;406
342;Základná škola Gbelce; J. Stampayho;Gbelce;94342;37860801;;;;;;;;
204;Základná škola Jána Amosa Komenského;Nová cesta 589/9 ;Tvrdošovce;941 10 ;37860976;;;;;;;;
205;Základná škola Vıèapy - Opatovce;Vıèapy - Opatovce 185;Vıèapy - Opatovce;951 44;37865579;37865579;Základná škola;ZSkol1NR;Školská 185/1;Vıèapy-Opatovce;95144;m.civanova@centrum.sk;403
197;Základná škola s materskou školou Plavnica;Plavnica 244;Plavnica;065 45;37872915;37872915;Základná škola s MŠ;ZPl244SL;Plavnica 244;Plavnica;6545;zsplavnica@gmail.com;710
118;Základná škola Za vodou 14;Za vodou 14;Stará ¼ubovòa;064 01;37872931;37872931;Základná škola;ZZav14SL;Za vodou 14;Stará ¼ubovòa;6401;zszavodousl@mail.t-com.sk;710
322;Základná škola s materskou školou;Hlavná 367/7;Kapušany;8212;37873253;37873253;Základná škola s MŠ;ZHlav7PO;Hlavná 367/7;Kapušany;8212;riaditel@zskapusany.edu.sk;707
332;Základná škola s materskou školou Kapušany;Hlavná 367/7;Kapušany;8212;37873253;37873253;Základná škola s MŠ;ZHlav7PO;Hlavná 367/7;Kapušany;8212;riaditel@zskapusany.edu.sk;707
243;Základná škola Bystré;Hermanovská 347/7;Bystré;094 34;37873261;;;;;;;;
244;Základná škola, Školská 558/1, 094 14 Seèovská Polianka;Školská 558/1;Seèovská Polianka;094 14;37873326;37873326;Základná škola;ZSk558VT;Školská 558;Seèovská Polianka;9414;zsspolianka@gmail.com;713
133;Základná škola s materskou školou Tovarné;Tovarné 173;Tovarné;094 01;37873351;37873351;Základná škola s MŠ;ZTo173VT;Tovarné 173;Tovarné;9401;bociantovarne@stonline.sk;713
192;Základná škola Juh 1054 ;Juh 1054;Vranov nad Top¾ou;093 01;37873369;37873369;Základná škola;ZJuh10VT;Juh 1054;Vranov nad Top¾ou;9301;skola@zsjuhvv.edu.sk;713
203;Základná škola Juh 1054;Juh 1054;Vranov nad Top¾ou;093 01;37873369;37873369;Základná škola;ZJuh10VT;Juh 1054;Vranov nad Top¾ou;9301;skola@zsjuhvv.edu.sk;713
132;Základná škola Sídlisko II;Sídlisko II 1336;Vranov nad Top¾ou;093 01;37873377;37873377;Základná škola;ZSidliVT;Sídlisko II. 1336;Vranov nad Top¾ou;9301;zssidlisko2vt@gmail.com;713
255;Základná škola s materskou školou Pod papieròou 16A, Bardejov;Pod papieròou 16A;Bardejov;085 01;37874004;37874004;Základná škola s MŠ;ZPod16BJ;Pod papieròou 16A;Bardejov;8501;zspodpapiernou@gmail.com;701
74;Základná škola Štefánikova 31;Štefánikova 31;Humenné;066 01;37874071;37874071;Základná škola;ZSte31HE;Štefánikova 31;Humenné;6601;zsjanasvermu@gmail.com;702
88;Základná škola J. Švermu;Štefánikova 31;Humenné;066 01;37874071;37874071;Základná škola;ZSte31HE;Štefánikova 31;Humenné;6601;zsjanasvermu@gmail.com;702
107;Zakládná škola Laborecká 66;Laborecká 66;Humenné;066 01;37874101;37874101;Základná škola;ZLab66HE;Laborecká 66;Humenné;6601;zslabhe@zslabhe.sk;702
245;Základná škola s materskou školou Spišské Bystré;Michalská 398/8;Spišské Bystré;059 18;37876031;;;;;;;;
138;Základná škola SNP 1;SNP 1;Humenné;066 01;37876732;37876732;Základná škola;ZSNP11HE;SNP 1;Humenné;6601;skola@zssnphe.edu.sk;702
91;Základná škola Hviezdoslavova 1;Hviezdoslavova 1;Lipany;082 71;37876813;37876813;Základná škola;ZHvie1SB;Hviezdoslavova 1;Lipany;8271;zshviezdoslavova@gmail.com;708
129;Základná škola, Nám. kpt. Nálepku 12, Drienov;Nám. kpt. Nálepku 12;Drienov;082 04;37876848;37876848;Základná škola;ZNam12PO;Nám. kpt. Nálepku 12;Drienov;8204;zsdrienov@pobox.sk;707
175;Základná škola Vaecká 11;Vaecká 11;Prešov;080 01;37877208;37877208;Základná škola;ZVaz11PO;Vaecká 11;Prešov;8005;zsvazecka@gmail.com;707
316;Zakladná škola s Materskou školou Liptovskı Hrádok;Hradná;Liptovskı Hrádok;3302;37910477;37910477;Základná škola s MŠ;ZHr342LM;Hradná 342;Liptovskı Hrádok;3301;zshrlh@gmail.com;505
144;Základná škola s materskou školou J. D. Matejovie;J. D. Matejovie 539;Liptovskı Hrádok;033 01;37910485;37910485;Základná škola s MŠ;ZJD539LM;J. D. Matejovie 539;Liptovskı Hrádok;3301;skola@zsmatejkalh.eu.sk;505
21;Gymnázium bl. P. P. Gojdièa Bernolákova 21;Bernolákova 21;Prešov;080 01;37938797;37938797;Gymnázium P. P. Gojdièa;GBer21PO;Bernolákova 21;Prešov;8001;riaditel@gojdic.eu;707
200;Katolícka spojená škola sv. Mikuláša;Duklianska 16;Prešov;080 01;37946765;37946765;Spojená škola;SLPo22PO;¼. Podjavorinskej 22;Prešov;8005;info@spojenaskola.sk;707
177;Evanjelická základná škola Zlatice Oravcovej;Daxnerova 42;Rimavská Sobota;979 01;37955942;37955942;Evanj.základná škola;EDax42RS;Daxnerova 42;Rimavská Sobota;97901;eskola@rsnet.sk;609
309;Stredná priemyselná škola v Dubnici nad Váhom;Obrancov mieru 343/1;Dubnica nad Váhom;018 41;42026393;42026393;Stredná odborná škola;SBra18IL;Bratislavská 439/18;Dubnica nad Váhom;1841;riaditel@sosdca.tsk.sk;302
53;Súkromná základná škola Sabinov;Námestie slobody 100;Sabinov;083 01;42081602;42081602;Súkromná základná škola;SNa100SB;Námestie slobody 100;Sabinov;8301;silva@centrum.sk;708
63;Súkromná základná škola Námestie slobody 100;Námestie slobody 100;Sabinov;083 01;42081602;42081602;Súkromná základná škola;SNa100SB;Námestie slobody 100;Sabinov;8301;silva@centrum.sk;708
56;Základná škola Bernolákova 21;Bernolákova 21;Prešov;080 01;42090741;42090741;Cirkevná ZŠ s MŠ;CBer21PO;Bernolákova 21;Prešov;8001;czsgojdic@gojdic.eu;707
178;Cirkevná základná škola s materskou školou bl. Pavla Petra Gojdièa;Bernolákova 21;Prešov;080 01;42090741;42090741;Cirkevná ZŠ s MŠ;CBer21PO;Bernolákova 21;Prešov;8001;czsgojdic@gojdic.eu;707
336;ZŠ s MŠ Gogo¾ova;Gogo¾ova 2143/7 ;Topo¾èany;955 01;42211476;42211476;Základná škola s MŠ;ZGogo7TO;Gogo¾ova 2143/7;Topo¾èany;95501;zsmsgogolova@gmail.com;406
156;Gymnázium Metodova 2;Metodova 2;Bratislava;821 08;42262488;42262488;Gymnázium;GMeto2BA;Metodova 2;Bratislava-Ruinov;82108;office@gmet.sk;102
256;Súkromná základná škola United Nations Elementary School;Javorová 644/12;Nitra;949 01;42369649;42369649;Súkr. základná škola;SJav12NR;Javorová 644/12;Nitra;94901;nitra@unes.sk;403
281;Súkromná základná škola Felix;Krásnohorská;Bratislava;85107;42448484;42448484;Súkr. ZŠ FELIX;SKra14BA;Krásnohorská 14;Bratislava-Petralka;85107;info@skolafelix.sk;105
298;Základná škola Ul. Dr. Janského;Ul. Dr. Janského 2;iar nad Hronom;965 01;45022631;;;;;;;;
250;Cirkevná základná škola s materskou školou sv. Gorazda;Solivarská 49;Prešov;8005;50639668;50639668;CZŠ s MŠ sv. Gorazda;CSol49PO;Solivarská 49;Prešov;8005;zsmsgorazd@gmail.com;707
137;Základná škola Radvanská 1;Radvanská 1;Banská Bystrica;974 05;52439666;52439666;Základná škola s MŠ;ZRadv1BB;Radvanská 1;Banská Bystrica;97405;zsradvan@stonline.sk;601
98;Základná škola Dubová 1;Dubová 1;Bratislava;811 04;52604519;52604519;Základná škola s MŠ;ZDubo1BA;Dubová 1;Bratislava-Staré Mesto;81104;zsdubova@stonline.sk;101
120;Základná škola Frièovce;Frièovce 21;Frièovce;082 37;710062494;710062494;Základná škola;ZFri21PO;Frièovce 21;Frièovce;8237;zs.fricovce@centrum.sk;707
330;Cirkevná spojená škola Dolnı Kubín;Okruná 2062/25;Dolnı Kubín;2601;710227990;;;;;;;;
317;Súkromná spojená škola European English School, organizaèná zloka Súkromná základná škola;Solivarská 28;Prešov;080 01;710252862;710252862;Súkr. spoj. škola - ZŠ;SSol28PO;Solivarská 28;Prešov;8005;skola@sgpo.sk;707
68;Súkromná základná škola Starozagorská 8;Starozagorská 8;Košice;4023;710261012;;;;;;;;
38;Spojená škola Dominika Tatarku;Mládee 7;Poprad;058 01;710261322;710261322;Spojená škola - Gym;SDomi7PP;Dominika Tatarku 4666/7;Poprad;5819;gpdt@stonline.sk;706
69;Spojená škola Dominika Tatarku ;Mládee 7;Poprad;058 01;710261322;710261322;Spojená škola - Gym;SDomi7PP;Dominika Tatarku 4666/7;Poprad;5819;gpdt@stonline.sk;706
248;Gymnazium Dominika Tatarku ;Dominika Tatarku;Poprad;058 01;710261322;;;;;;;;
301;Evanjelické gymnázium Juraja Tranovského;Komenského 1317/10;Liptovskı Mikuláš;031 01;710261772;710261772;Gymnázium pri ESŠ;GKom10LM;Komenského 10;Liptovskı Mikuláš;3101;sekretariat@esslm.sk;505
150;Piaristické gymnázium sv. Jozefa Kalazanského;Piaristická 6;Nitra;949 01;710261985;;;;;;;;
85;Základná škola Klèové 87;Klèové 87;Nové Mesto nad Váhom;915 01;710262191;710262191;ZŠ Spoj.šk.sv. Jozefa;ZKlc87NM;Klèové 87;Nové Mesto nad Váhom;91501;ssjozefnm@gmail.com;304
89;Gymnázium a základná škola sv. Mikuláša;Duklianska 16;Prešov;080 01;710267827;;;;;;;;
2;Fakulta matematiky, fyziky a informatiky Univerzity Komenského;Mlynská dolina;Bratislava;842 48;0;;;;;;;;
3;Univerzita Pavla Jozefa Šafárika v Košiciach, Prírodovedecká fakulta;Šrobárova 2;Košice;041 54;39;;;;;;;;
6;Gymnázium tø. kpt. Jaroše 14;tøída Kapitána Jaroše 14;Brno;658 70;2;;;;;;;;
7;Gymnázium T. G. Masaryka 1260;Nám. T. G. Masaryka 1260;Frıdlant nad Ostravicí;739 11;3;;;;;;;;
9;Fakulta Informatiky Masarykovej Univerzity;Botanická 68A;Brno;602 00;4;;;;;;;;
10;Univerzita Karlova, Matematicko-fyzikální fakulta ;Ke Karlovu 3;Praha;121 16;5;;;;;;;;
17;Gymnázium Jura Hronca;Novohradská 3;Bratislava;821 09;6;;;;;;;;
20;Cirkevná základná škola sv. ¼udmily;Zámecká 57;Hradec nad Moravicí;747 41;7;;;;;;;;
23;Mendelovo gymnázium Komenského 5;Komenského 5;Opava;746 01;8;;;;;;;;
24;Gymnázium Smetanùv okruh 2;Smetanùv okruh 2;Krnov;794 01;9;;;;;;;;
26;Gymnázium Tyršovo nám. 970;Tyršovo nám. 970;Èeská Tøebová;560 02;10;;;;;;;;
27;Gymnázium Jírovcova 8;Jírovcova 8;Èeské Budìjovice;371 61;11;;;;;;;;
29;Slezské gymnázium;Zámeckı okruh 29;Opava;746 01;12;;;;;;;;
33;Cirevné gymnázium sv. Mikuláša;Plavnica 184;Plavnica;065 45;13;;;;;;;;
34;Univerzita Karlova, Matematicko-fyzikální fakulta;Ke Karlovu 3;Praha;121 16;5;;;;;;;;
55;Škola pre Mim. Nad. Deti a Gymnázium Skalická cesta 1;Skalická 1;Bratislava;831 02;14;;;;;;;;
79;Súkromná základná škola Znievska 2;Znievska 2;Bratislava;851 06;1;;;;;;;;
139;LEAF Academy;Sasinkova 13;Bratislava;811 08;15;;;;;;;;
141;Hants East Rural High School;2331 Highway 2;Milford Station;B0N 1Y0;16;;;;;;;;
168;Súkromná zakladná škola Bajkalská 20;Bajkalská 20;Bratislava;821 08;17;;;;;;;;
193;Základná škola Košická;Novohradská 3;Bratislava;821 09;18;;;;;;;;
206;Univerzita Karlova, Pøírodovìdecká fakulta;Albertov 6;Praha;128 43;19;;;;;;;;
207;Základná škola s materskou školou Gaštanová 56;Viedenská 2;Košice;4013;37810898;;;;;;;;
210;??????;??1-5-1;??????;171-0031;21;;;;;;;;
232;Súkromna základná škola Bajkalská;Bajkalská 20;Bratislava;82108;17;;;;;;;;
241;Základní škola Mohylová Praha 5;Mohylová  1963;Praha;155 00;23;;;;;;;;
242;Køesanské gymnázium v Praze 10;Kozinova 1000;Praha;102 00;24;;;;;;;;
249;Škola Pre Mimoriadne Nadané Deti a Gymnázium;Teplická 7;Bratislava;831 02;14;;;;;;;;
260;PS 107;1301 8th Ave;New York;11215;26;;;;;;;;
262;FZŠ O.Chlupa;Fingerova 2186/17;Praha;158 00;27;;;;;;;;
271;Schule Schmitten;Gwattstrasse 12;Schmitten;3185;28;;;;;;;;
274;Gymnázium Christiana Dopplera Praha;Zborovská 621/45;Praha;150 00;29;;;;;;;;
283;Gymnázium Jiøího Gutha-Jarkovského;Truhláøská 22;Praha;11000;30;;;;;;;;
284;Malostranské gymnázium, Praha 1;Josefská 7;Praha;118 00;31;;;;;;;;
290;SZŠ & Gymnázium CENADA;;;;32;;;;;;;;
291;Greenbrier Elementary School;2228 Greenbrier Drive;Charlottesville;22901;33;;;;;;;;
311;SZŠ Bajkalská;Bajkalská 20;Bratislava;821 08;17;;;;;;;;
313;Súkromná ZŠ Devín, Kreme¾ská;Kreme¾ská 2;Bratislava;84110;35;;;;;;;;
315;Village School;215 East High Street;Charlottesville;22902;36;;;;;;;;
334;Institut Sain-André;Chaussée de Boondael 256;Ixelles;1050;37;;;;;;;;
335;Institut Saint-André;Chaussée de Boondael 256;Ixelles;1050;37;;;;;;;;
339;ZŠ Balabenka;Na;;;38;;;;;;;;
